123,123,123,123,123,1862233899211208,0
123,123,123,123,123,1862233899211208,0
123,123,123,123,123,1862233899211208,0
123,123,123,123,123,1862233899211208,0
123,123,123,123,123,1862233899211208,0
123,123,123,123,123,1862233899211208,0
123,123,123,123,123,1862233899211208,0
123,123,123,123,123,1862233899211208,0
123,123,123,123,123,1862233899211208,0
123,123,123,123,123,1862233899211208,0
123,123,123,123,123,1862233899211208,0
123,123,123,123,123,1862233899211208,0
123,123,123,123,123,1862233899211208,0
123,123,123,123,123,1862233899211208,0
123,123,123,123,123,1862233899211208,0
123,123,123,123,123,1862233899211208,0
123,123,123,123,123,1862233899211208,0
123,123,123,123,123,1862233899211208,0
123,123,123,123,123,1862233899211208,0
123,123,123,123,123,1862233899211208,0
123,123,123,123,123,1862233899211208,0
123,123,123,123,123,1862233899211208,0
123,123,123,123,123,1862233899211208,0
123,123,123,123,123,1862233899211208,0
123,123,123,123,123,1862233899211208,0
123,123,123,123,123,1862233899211208,0
123,123,123,123,123,1862233899211208,0
123,123,123,123,123,1862233899211208,0
123,123,123,123,123,1862233899211208,0
123,123,123,123,123,1862233899211208,0
123,123,123,123,123,1862233899211208,0
123,123,123,123,123,1862233899211208,0
123,123,123,123,123,1862233899211208,0
123,123,123,123,123,1862233899211208,0
123,123,123,123,123,1862233899211208,0
123,123,123,123,123,1862233899211208,0
123,123,123,123,123,1862233899211208,0
123,123,123,123,123,1862233899211208,0
123,123,123,123,123,1862233899211208,0
123,123,123,123,123,1862233899211208,0
123,123,123,123,123,1862233899211208,0
123,123,123,123,123,1862233899211208,0
123,123,123,123,123,1862233899211208,0
123,123,123,123,123,1862233899211208,0
123,123,123,123,123,1862233899211208,0
123,123,123,123,123,1862233899211208,0
123,123,123,123,123,1862233899211208,0
123,123,123,123,123,1862233899211208,0
123,123,123,123,123,1862233899211208,0
123,123,123,123,123,1862233899211208,0
123,123,123,123,123,1862233899211208,0
123,123,123,123,123,1862233899211208,0
123,123,123,123,123,1862233899211208,0
123,123,123,123,123,1862233899211208,0
123,123,123,123,123,1862233899211208,0
123,123,123,123,123,1862233899211208,0
123,123,123,123,123,1862233899211208,0
123,123,123,123,123,1862233899211208,0
123,123,123,123,123,1862233899211208,0
123,123,123,123,123,1862233899211208,0
123,123,123,123,123,1862233899211208,0
123,123,123,123,123,1862233899211208,0
123,123,123,123,123,1862233899211208,0
123,123,123,123,123,1862233899211208,0
123,123,123,123,123,1862233899211208,0
123,123,123,123,123,1862233899211208,0
123,123,123,123,123,1862233899211208,0
123,123,123,123,123,1862233899211208,0
123,123,123,123,123,1862233899211208,0
123,123,123,123,123,1862233899211208,0
123,123,123,123,123,1862233899211208,0
123,123,123,123,123,1862233899211208,0
123,123,123,123,123,1862233899211208,0
123,123,123,123,123,1862233899211208,0
123,123,123,123,123,1862233899211208,0
123,123,123,123,123,1862233899211208,0
123,123,123,123,123,1862233899211208,0
123,123,123,123,123,1862233899211208,0
123,123,123,123,123,1862233899211208,0
123,123,123,123,123,1862233899211208,0
123,123,123,123,123,1862233899211208,0
123,123,123,123,123,1862233899211208,0
123,123,123,123,123,1862233899211208,0
123,123,123,123,123,1862233899211208,0
123,123,123,123,123,1862233899211208,0
123,123,123,123,123,1862233899211208,0
123,123,123,123,123,1862233899211208,0
123,123,123,123,123,1862233899211208,0
123,123,123,123,123,1862233899211208,0
123,123,123,123,123,1862233899211208,0
123,123,123,123,123,1862233899211208,0
123,123,123,123,123,1862233899211208,0
123,123,123,123,123,1862233899211208,0
123,123,123,123,123,1862233899211208,0
123,123,123,123,123,1862233899211208,0
123,123,123,123,123,1862233899211208,0
123,123,123,123,123,1862233899211208,0
123,123,123,123,123,1862233899211208,0
123,123,123,123,123,1862233899211208,0
123,123,123,123,123,1862233899211208,0
123,123,123,123,123,1862233899211208,0
123,123,123,123,123,1862233899211208,0
123,123,123,123,123,1862233899211208,0
123,123,123,123,123,1862233899211208,0
123,123,123,123,123,1862233899211208,0
123,123,123,123,123,1862233899211208,0
123,123,123,123,123,1862233899211208,0
123,123,123,123,123,1862233899211208,0
123,123,123,123,123,1862233899211208,0
123,123,123,123,123,1862233899211208,0
123,123,123,123,123,1862233899211208,0
123,123,123,123,123,1862233899211208,0
123,123,123,123,123,1862233899211208,0
123,123,123,123,123,1862233899211208,0
123,123,123,123,123,1862233899211208,0
123,123,123,123,123,1862233899211208,0
123,123,123,123,123,1862233899211208,0
123,123,123,123,123,1862233899211208,0
123,123,123,123,123,1862233899211208,0
123,123,123,123,123,1862233899211208,0
123,123,123,123,123,1862233899211208,0
123,123,123,123,123,1862233899211208,0
123,123,123,123,123,1862233899211208,0
123,123,123,123,123,1862233899211208,0
123,123,123,123,123,1862233899211208,0
123,123,123,123,123,1862233899211208,0
123,123,123,123,123,1862233899211208,0
123,123,123,123,123,1862233899211208,0
